rank,cluster,stock_1,stock_2,crossings,half_life,hedge_ratio,correlation
1,21,hon,ups,95,39.78,1.6027,0.6226
2,21,dhr,cof,86,64.17,0.9107,0.5115
3,21,utx,cof,84,54.82,0.7332,0.5236
4,21,hon,brk-b,81,62.49,1.3087,0.6944
5,21,brk-b,ups,78,55.32,1.186,0.6232
6,21,hon,dhr,76,96.63,1.3811,0.6552
7,21,utx,ups,73,81.9,0.8412,0.5838
8,21,dhr,ups,72,67.05,1.0669,0.5294
9,21,brk-b,cof,68,80.1,0.9905,0.6201
10,17,atri,cabo,66,23.48,0.8287,0.0755
11,21,hon,cof,65,72.1,1.333,0.5775
12,21,axp,cof,65,100.42,0.9049,0.64
13,21,ups,cof,64,57.8,0.8154,0.4833
14,17,blk,neu,57,75.29,1.2224,0.458
15,17,neu,cabo,55,18.82,0.2878,0.1521
16,16,bp,fitb,54,21.81,0.4657,0.4173
17,16,fitb,dwdp,53,47.67,1.0381,0.4481
18,16,bk,fitb,52,31.44,0.6304,0.8137
19,17,mtd,atri,50,15.82,1.22,0.2549
20,16,usb,bp,50,32.84,0.945,0.4903
21,21,brk-b,utx,50,104.62,1.2644,0.6438
22,17,neu,atri,49,28.14,0.294,0.1609
23,17,blk,atri,48,13.69,0.6238,0.2539
24,21,utx,dhr,46,129.23,0.7183,0.6277
25,21,cat,axp,45,216.94,0.2686,0.4966
26,8,mkl,wtm,44,12.12,0.72,0.2435
27,21,brk-b,dhr,44,123.15,0.998,0.6043
28,17,blk,cabo,42,19.29,0.5429,0.1764
29,16,bp,phm,42,21.6,0.5706,0.3679
30,17,mtd,cabo,42,24.33,1.078,0.2734
31,21,cat,cof,41,243.53,0.2573,0.5096
32,17,blk,mtd,40,14.49,0.5036,0.5251
33,16,bp,dwdp,40,24.8,0.5526,0.4939
34,16,san,phm,39,40.14,0.9525,0.4015
35,21,cat,ups,39,223.4,0.2717,0.5386
36,16,usb,phm,38,74.27,0.6653,0.4643
37,6,lpi,nov,37,10.38,0.9272,0.5186
38,26,ben,cit,36,6.7,0.5888,0.4759
39,16,bk,bp,36,26.77,0.9888,0.4815
40,17,uhal,atri,35,21.5,0.0498,0.1589
41,16,fitb,phm,35,69.64,1.0036,0.4118
42,21,utx,axp,35,96.25,0.7222,0.5481
43,17,uhal,bh,34,18.05,-0.1699,0.1375
44,16,usb,fitb,34,32.25,0.6306,0.8604
45,20,avb,fdx,33,6.35,0.1581,0.2226
46,8,wtm,usb_a,33,6.88,0.9257,0.0285
47,16,slb,phm,33,33.71,-0.1262,0.3253
48,17,regn,bh,33,38.5,-0.5287,0.1095
49,21,hon,utx,33,125.36,1.7009,0.7403
50,21,ups,axp,33,186.12,0.7532,0.4875
51,6,dvn,apc,32,17.21,0.7668,0.7357
52,16,usb,dwdp,32,31.57,0.7128,0.4933
53,6,lpi,apc,31,9.94,0.4316,0.5573
54,17,uhal,cabo,31,21.8,0.0324,0.2183
55,16,bk,phm,31,44.27,0.707,0.455
56,6,lpi,spn,30,9.43,0.3133,0.5536
57,6,hes,pten,30,14.55,0.636,0.5351
58,16,dwdp,phm,30,41.02,0.8804,0.346
59,8,goog,azo,29,8.4,-0.6596,0.2114
60,8,goog,mkl,29,9.57,1.2465,0.2565
61,6,spn,pten,29,14.03,1.4295,0.699
62,8,agn_a,wtm,29,16.7,-0.9768,-0.0098
63,16,bk,dwdp,29,30.73,0.7052,0.4658
64,20,mhk,coo,28,5.07,0.6161,0.4045
65,26,cbg,unm,28,12.3,1.0963,0.3919
66,6,spn,hes,28,30.17,1.8054,0.593
67,8,mkl,azo,27,8.92,-0.3757,0.1855
68,26,ben,cbg,27,10.12,0.5023,0.4685
69,6,lpi,pten,27,12.93,0.4205,0.5053
70,17,uhal,regn,27,19.6,0.137,0.2358
71,17,mtd,neu,27,57.88,2.3436,0.3953
72,12,aph,mchp,26,4.31,0.9094,0.4485
73,12,mchp,dvmt,26,12.0,0.6393,0.4672
74,16,usb,bk,26,42.93,0.9199,0.8148
75,6,dvn,spn,26,92.56,0.503,0.6474
76,20,mmm,coo,25,4.91,0.7207,0.4789
77,8,agn_a,usb_a,25,9.73,-1.2417,0.1471
78,16,bk,san,25,51.58,0.5159,0.615
79,6,pten,nov,24,9.54,1.8556,0.6264
80,6,apc,nov,24,10.16,1.9474,0.4923
81,26,ben,drh,24,10.95,0.649,0.2419
82,16,bp,san,24,66.45,0.3669,0.5571
83,8,mkl,usb_a,23,12.94,0.8172,0.126
84,6,spn,apc,23,16.05,1.3111,0.5516
85,17,neu,bh,23,46.14,0.2374,0.1351
86,21,hon,axp,23,301.53,1.2078,0.5671
87,21,brk-b,cat,23,962.19,0.6673,0.5953
88,12,wday,emn,22,8.41,1.2171,0.2591
89,8,amzn,wtm,22,11.57,2.3978,0.1208
90,26,ben,fhn,22,13.96,-0.1986,0.5372
91,8,mkl,agn_a,22,17.32,-0.2423,0.2028
92,16,bp,slb,22,171.23,0.2122,0.6814
93,29,sti,isbc,21,2.82,1.4174,0.6145
94,29,mas,isbc,21,3.68,0.9485,0.3774
95,2,ev,cfx,21,3.82,0.4497,0.448
96,2,ev,vsh,21,4.25,0.2676,0.4012
97,12,aph,ftv,21,5.82,1.1434,0.4724
98,8,amzn,mkl,21,9.44,2.262,0.2642
99,29,ntap,zion,21,14.16,1.166,0.2748
100,6,apa,hes,21,15.81,1.0404,0.6562
101,8,agn_a,azo,21,25.05,0.1833,0.1143
102,17,blk,regn,21,199.02,-0.1164,0.354
103,29,pbct,kkr,20,2.86,0.9395,0.5104
104,12,pfg,wday,20,12.52,0.2196,0.1114
105,6,hes,nov,20,20.1,1.1383,0.5335
106,29,kkr,isbc,19,1.54,1.471,0.3765
107,29,kkr,sti,19,3.23,0.902,0.5172
108,29,kkr,zion,19,3.55,0.9893,0.4342
109,2,ev,l,19,3.69,0.9655,0.5079
110,8,amzn,usb_a,19,4.58,3.1869,0.0596
111,20,mhk,rop,19,5.98,0.8371,0.429
112,8,goog,usb_a,19,12.11,1.4599,0.0338
113,6,apa,pten,19,15.02,0.722,0.5115
114,16,slb,dwdp,19,37.97,-0.056,0.4484
115,16,fitb,san,19,78.03,0.7179,0.571
116,21,hon,cat,19,744.27,0.9507,0.6621
117,29,pbct,mas,18,2.14,1.2912,0.4732
118,29,pbct,isbc,18,4.69,1.5324,0.7418
119,12,mchp,ftv,18,6.01,1.1499,0.3082
120,6,apc,pten,18,8.9,1.02,0.483
121,12,mchp,emn,18,8.99,1.2703,0.363
122,12,pfg,ftv,18,10.4,0.3957,0.4345
123,6,apa,spn,18,11.65,0.5002,0.5574
124,6,hes,apc,18,14.25,0.6089,0.6171
125,26,ben,unm,18,23.06,0.4899,0.5309
126,18,obe,mur,17,0.62,1.1953,0.436
127,3,bac_l,pcln,17,2.17,-0.0654,-0.0667
128,3,hbanp,pcln,17,2.4,-0.0412,-0.0699
129,2,ev,cvg,17,3.6,0.4444,0.3577
130,2,avt,ewbc,17,4.3,0.7063,0.4594
131,29,mas,ntap,17,5.07,0.3749,0.3742
132,29,mas,zion,17,5.84,0.6094,0.3261
133,29,ntap,nycb,17,7.76,1.2191,0.3505
134,12,aph,emn,17,8.37,1.2789,0.3715
135,20,fcnca,fdx,17,8.91,1.1027,0.5138
136,12,pfg,emn,17,10.13,0.5152,0.5323
137,20,rop,ayi,17,13.53,-0.4749,0.3629
138,6,spn,nov,17,17.92,2.654,0.6644
139,20,mhk,ayi,17,21.48,-0.3021,0.5313
140,6,dvn,hes,17,25.21,1.0679,0.7196
141,26,cbg,drh,17,40.64,0.2102,0.2963
142,17,mtd,bh,17,5208.2,-0.2237,0.1747
143,29,sti,zion,16,2.23,1.094,0.8179
144,20,mhk,mmm,16,5.04,0.7855,0.3901
145,12,emn,ftv,16,6.19,0.7454,0.318
146,20,coo,fdx,16,7.16,1.0479,0.2911
147,20,mhk,avb,16,8.77,1.8545,0.3846
148,6,lpi,apa,16,14.97,0.4822,0.5735
149,12,wday,dvmt,16,15.39,0.463,0.4481
150,6,lpi,hes,16,15.8,0.5705,0.5872
151,8,amzn,goog,16,17.63,1.5761,0.6599
152,8,azo,usb_a,16,29.0,-1.1689,0.0079
153,21,dhr,axp,16,180.25,0.8292,0.5208
154,2,cfx,cvg,15,4.96,0.6389,0.4082
155,29,nycb,zion,15,5.3,0.5939,0.5383
156,29,ntap,isbc,15,6.71,1.6614,0.2616
157,20,mmm,fdx,15,10.15,0.8015,0.4341
158,20,rop,avb,15,11.78,1.8901,0.2979
159,26,cbg,cit,15,18.52,0.8159,0.3788
160,8,goog,wtm,15,19.51,1.1375,0.0631
161,26,unm,drh,15,39.35,0.0307,0.3574
162,17,neu,regn,15,47.9,-0.0728,0.2218
163,29,isbc,zion,14,2.21,0.5755,0.4987
164,29,kkr,mas,14,3.37,1.1333,0.4711
165,29,kkr,ntap,14,6.23,0.5276,0.3245
166,20,mhk,fdx,14,7.1,0.6856,0.4369
167,12,wday,ftv,14,12.11,0.9877,0.3105
168,20,coo,avb,14,16.32,2.3295,0.2962
169,6,dvn,nov,14,16.78,1.5283,0.6047
170,20,ayi,coo,14,21.02,-0.2731,0.1912
171,12,aph,wday,14,22.41,0.7529,0.4522
172,6,dvn,pten,14,27.38,0.7734,0.6594
173,18,cpe,mtdr,13,1.86,0.8312,0.574
174,18,crzo,obe,13,1.87,1.306,0.5016
175,2,avt,cvg,13,4.07,0.6216,0.4746
176,3,cci_a,hbanp,13,5.5,-0.6749,-0.0421
177,2,aple,cvg,13,6.13,0.4675,0.343
178,2,ev,aple,13,6.93,0.3467,0.3081
179,12,pfg,mchp,13,12.23,0.2583,0.2515
180,12,itw,emn,13,13.55,0.8635,0.5387
181,26,cit,drh,13,15.9,0.9484,0.3303
182,8,amzn,azo,13,16.72,-0.9754,0.2836
183,20,rop,coo,13,20.06,0.5709,0.3985
184,6,apa,apc,13,22.1,0.6653,0.6146
185,8,goog,agn_a,13,22.73,-0.4842,0.2741
186,17,regn,cabo,13,53.41,-0.1797,0.1316
187,17,neu,uhal,13,53.63,0.0533,0.2185
188,20,rop,fcnca,13,53.87,0.542,0.5845
189,16,bk,slb,13,120.35,-0.1463,0.4446
190,17,atri,bh,13,361.44,-0.2599,0.1518
191,12,wday,mchp,12,8.99,0.9188,0.5574
192,26,fhn,cit,12,11.33,-0.361,0.6009
193,20,ayi,fdx,12,22.97,-0.243,0.2926
194,6,dvn,lpi,12,31.86,1.1477,0.6934
195,21,utx,cat,12,440.44,0.6323,0.6241
196,18,bte,mdr,11,1.35,1.4218,0.5879
197,18,mtdr,obe,11,1.59,0.5722,0.4622
198,18,crzo,mur,11,1.9,1.6991,0.5238
199,3,bac_l,hbanp,11,2.9,0.0258,0.0098
200,2,ewbc,cvg,11,4.1,0.512,0.4417
201,29,mas,nycb,11,5.25,0.6503,0.3522
202,2,ewbc,vsh,11,5.74,0.2265,0.4507
203,2,avt,aple,11,6.8,0.753,0.4633
204,3,cci_a,bac_l,11,7.1,1.0234,-0.0046
205,2,ewbc,l,11,7.15,0.8601,0.6644
206,2,vsh,cfx,11,8.1,1.1656,0.3718
207,2,avt,l,11,11.95,0.4996,0.382
208,12,itw,mchp,11,18.26,0.5514,0.4143
209,12,aph,dvmt,11,19.18,0.6243,0.4174
210,26,luk,cit,11,19.71,0.2549,0.5587
211,26,mfc,unm,11,20.51,1.0561,0.6287
212,20,fcnca,mmm,11,20.68,1.1673,0.5201
213,8,amzn,agn_a,11,22.13,-1.0393,0.2528
214,12,itw,wday,11,25.58,0.4543,0.2481
215,26,cbg,fhn,11,33.35,-0.2679,0.3736
216,26,cbg,luk,11,41.69,0.7455,0.4292
217,3,cci_a,pcln,10,3.34,-0.2531,-0.0059
218,2,cfx,aple,10,7.76,0.3857,0.3689
219,20,mhk,fcnca,10,12.35,0.5051,0.3136
220,12,dvmt,ftv,10,16.82,1.4196,0.333
221,26,fhn,drh,10,16.86,-0.0782,0.4048
222,26,ben,luk,10,17.51,0.5473,0.5019
223,20,rop,mmm,10,25.31,0.7987,0.6228
224,2,cvg,l,10,30.73,0.686,0.3334
225,16,san,slb,10,64.99,-0.432,0.4271
226,21,brk-b,axp,10,304.44,0.9061,0.6087
227,18,sn,mdr,9,1.31,1.2147,0.5683
228,18,bte,sn,9,1.38,1.0732,0.7485
229,18,cpe,obe,9,1.47,0.6127,0.6709
230,18,cpe,mur,9,1.91,0.7265,0.5354
231,18,cpe,crzo,9,2.23,0.3461,0.6157
232,18,bte,cpe,9,2.4,2.1068,0.661
233,2,ewbc,aple,9,4.78,0.6852,0.4373
234,29,sti,mas,9,5.29,0.9829,0.3432
235,2,ewbc,cfx,9,5.47,0.333,0.4004
236,2,avt,ev,9,5.79,0.9269,0.5852
237,29,kkr,nycb,9,6.0,0.7536,0.3933
238,2,avt,cfx,9,6.23,0.5002,0.4701
239,29,pbct,ntap,9,6.36,0.544,0.3721
240,29,isbc,nycb,9,6.64,0.374,0.6834
241,2,avt,vsh,9,8.09,0.3289,0.5557
242,29,sti,ntap,9,9.01,0.4303,0.2939
243,12,itw,pfg,9,10.0,1.1761,0.5048
244,20,fcnca,coo,9,12.62,0.8518,0.2241
245,26,luk,drh,9,16.7,0.3372,0.3389
246,12,itw,aph,9,23.14,0.5745,0.5315
247,6,apa,nov,9,24.12,1.2284,0.5205
248,20,rop,fdx,9,28.07,0.6715,0.4835
249,20,mmm,ayi,9,34.48,-0.2826,0.2907
250,26,mfc,cit,9,38.72,0.5868,0.4128
251,26,unm,fhn,9,43.38,0.1316,0.7052
252,26,mfc,luk,9,46.14,-0.0488,0.5104
253,26,mfc,fhn,9,50.87,0.0259,0.5548
254,17,bh,cabo,9,55.33,0.0138,0.1047
255,17,regn,atri,9,56.7,-0.0632,0.1076
256,16,usb,san,9,71.17,0.4586,0.6043
257,17,blk,bh,9,242.88,-0.0672,0.2488
258,17,blk,uhal,9,444.21,0.3621,0.373
259,17,mtd,uhal,9,,0.3453,0.3221
260,18,cpe,sn,8,2.9,0.3712,0.6206
261,2,ev,ewbc,8,5.21,0.4966,0.5616
262,2,cfx,l,8,6.09,1.0579,0.451
263,20,ayi,avb,8,17.0,-0.7865,0.3318
264,26,luk,unm,8,21.72,0.2788,0.6413
265,8,azo,wtm,8,37.29,-0.6552,0.1609
266,16,san,dwdp,8,60.88,0.707,0.4265
267,5,kpti,jnce,8,,0.4777,0.782
268,18,mtdr,mur,7,1.98,0.7751,0.7313
269,18,bte,mtdr,7,2.53,2.1454,0.6411
270,18,sn,mtdr,7,2.92,1.7754,0.6769
271,18,bte,obe,7,4.39,1.4587,0.7596
272,12,pfg,dvmt,7,14.07,0.1453,0.2195
273,20,mmm,avb,7,15.22,1.8733,0.2874
274,26,luk,fhn,7,17.36,0.023,0.635
275,12,itw,ftv,7,18.91,0.7306,0.5867
276,12,aph,pfg,7,25.33,1.2688,0.3503
277,12,dvmt,emn,7,30.56,1.405,0.3171
278,26,mfc,drh,7,41.92,0.6283,0.3873
279,26,unm,cit,7,49.04,0.431,0.5988
280,16,fitb,slb,7,351.2,0.1225,0.4091
281,17,mtd,regn,7,2249.76,-0.2461,0.3546
282,2,vsh,aple,7,,0.5918,0.3169
283,18,mtdr,crzo,6,2.12,0.3856,0.6215
284,18,cpe,mdr,6,2.83,0.5258,0.7172
285,29,pbct,zion,6,10.88,1.052,0.7468
286,2,aple,l,6,13.56,-0.0005,0.4625
287,5,chma,jnce,5,0.27,0.932,0.8043
288,5,chma,kpti,5,0.41,1.8437,0.9154
289,5,sndx,drna,5,1.06,0.3479,0.7804
290,18,mdr,mtdr,5,3.01,1.2785,0.4751
291,18,mdr,obe,5,3.53,0.8733,0.5181
292,18,sn,obe,5,3.99,1.0948,0.6039
293,18,bte,mur,5,4.16,1.8184,0.5978
294,18,bte,crzo,5,6.13,0.8001,0.678
295,29,sti,nycb,5,15.73,0.7974,0.7426
296,20,fcnca,avb,5,32.08,1.6249,0.1732
297,26,mfc,ben,5,55.96,0.8635,0.5367
298,2,vsh,l,5,337.35,1.5649,0.36
299,5,life,drna,4,0.41,1.0656,0.8173
300,5,jnce,espr,4,0.57,0.8904,0.8901
301,5,sndx,kpti,4,0.63,1.134,0.8735
302,18,mdr,crzo,4,5.02,0.5101,0.5835
303,29,pbct,sti,4,10.57,1.0161,0.8382
304,26,mfc,cbg,4,29.79,0.5798,0.3996
305,22,tlra,merc,4,,2.1716,0.9958
306,22,merc,ttnp,4,,0.4356,0.9873
307,5,sndx,life,3,0.97,0.2667,0.855
308,5,sndx,mlnt,3,1.0,0.1746,0.7362
309,5,sndx,jnce,3,1.02,0.6028,0.8842
310,5,mlnt,jnce,3,2.28,1.2494,0.7259
311,18,sn,mur,3,4.12,1.3971,0.5935
312,18,mdr,mur,3,5.3,1.0595,0.5401
313,18,sn,crzo,3,5.34,0.5907,0.6854
314,2,vsh,cvg,3,14.53,1.1371,0.408
315,12,itw,dvmt,3,25.61,0.3279,0.3649
316,29,pbct,nycb,3,32.88,0.9404,0.8208
317,5,kpti,drna,3,36.65,0.2418,0.8082
318,6,dvn,apa,3,90.5,0.8624,0.6687
319,5,chma,life,3,,0.1946,0.9281
320,5,chma,drna,3,,0.3166,0.825
321,5,mlnt,espr,3,,1.7151,0.7278
322,22,tlra,ttnp,3,,0.9486,0.9915
323,22,belfa,ttnp,3,,0.7569,0.9904
324,22,belfa,yin,2,0.39,1.3655,0.9905
325,22,lci,yin,2,0.39,1.1506,0.9898
326,22,tlra,yin,2,0.43,1.6878,0.9905
327,22,merc,yin,2,0.44,0.7734,0.9956
328,22,sdt,yin,2,0.45,0.0766,0.9823
329,5,kpti,espr,2,0.97,0.4513,0.8187
330,5,chma,mlnt,2,1.46,0.4932,0.8541
331,5,chma,espr,2,1.49,0.9295,0.7333
332,5,sndx,espr,2,2.05,0.4746,0.8737
333,13,rlog,hos,2,,-3.9921,1.0
334,13,rlog,args,2,,-2.8788,1.0
335,13,rlog,mbii,2,,-2.2415,1.0
336,13,hos,args,2,,0.6869,1.0
337,13,hos,mbii,2,,0.4413,1.0
338,13,cgg,args,2,,2.2673,1.0
339,13,cgg,mbii,2,,1.4226,1.0
340,13,idsa,args,2,,0.0901,1.0
341,13,idsa,mbii,2,,0.0005,1.0
342,13,pkd,args,2,,3.9278,1.0
343,13,pkd,mbii,2,,2.4755,1.0
344,13,args,mbii,2,,0.6464,1.0
345,13,cur,mbii,2,,0.3128,1.0
346,22,lci,ttnp,2,,0.661,0.972
347,22,yin,ttnp,1,0.42,0.5296,0.9699
348,22,merc,lci,1,0.45,0.6307,0.9858
349,13,rlog,idsa,1,0.52,5.5823,1.0
350,13,hos,idsa,1,0.52,0.2444,1.0
351,13,cgg,idsa,1,0.52,1.3836,1.0
352,22,tlra,belfa,1,0.6,1.2511,0.9999
353,22,sdt,ttnp,1,0.64,0.0495,0.9977
354,22,tlra,lci,1,0.65,1.3764,0.9938
355,22,sdt,lci,1,0.65,0.0788,0.9855
356,22,zfgn,ttnp,1,0.65,0.1172,0.9888
357,22,sdt,merc,1,0.73,0.1167,0.9935
358,22,belfa,lci,1,0.82,1.0868,0.9949
359,5,jnce,drna,1,1.08,0.4641,0.9036
360,5,espr,drna,1,1.84,0.1971,0.7626
361,5,life,espr,1,2.04,0.1542,0.7864
362,22,belfa,sdt,1,2.39,10.8668,0.9975
363,22,tlra,sdt,1,2.43,14.1581,0.998
364,5,life,jnce,1,2.44,0.76,0.8188
365,5,mlnt,kpti,1,2.69,2.4055,0.849
366,5,kpti,life,1,3.13,0.174,0.8783
367,22,sdt,zfgn,1,6.81,0.3526,0.9932
368,22,lci,zfgn,1,6.94,3.5339,0.9877
369,20,fcnca,ayi,1,30.77,-0.3423,0.3751
370,16,usb,slb,1,190.14,0.0134,0.46
371,21,dhr,cat,1,413.15,0.399,0.5512
372,5,chma,sndx,1,,1.3125,0.8813
373,5,mlnt,life,1,,-0.1473,0.8891
374,5,mlnt,drna,1,,0.0327,0.7596
375,13,rlog,cgg,1,,-0.9508,1.0
376,13,rlog,pkd,1,,-0.5778,1.0
377,13,rlog,cur,1,,0.7482,1.0
378,13,hos,cgg,1,,0.2954,1.0
379,13,hos,pkd,1,,0.1718,1.0
380,13,hos,cur,1,,0.583,1.0
381,13,cgg,pkd,1,,0.5796,1.0
382,13,cgg,cur,1,,2.2031,1.0
383,13,idsa,pkd,1,,0.0434,1.0
384,13,idsa,cur,1,,0.5441,1.0
385,13,pkd,cur,1,,3.7265,1.0
386,13,args,cur,1,,0.8173,1.0
387,22,tlra,zfgn,1,,4.4502,0.9927
388,22,belfa,merc,1,,1.7268,0.9951
389,22,belfa,zfgn,1,,3.3541,0.9931
390,22,merc,zfgn,1,,2.051,0.9778
391,22,yin,zfgn,1,,1.9018,0.9683
392,0,bar,stz-b,0,,0.0,
393,0,bar,ceo,0,,0.0,
394,0,bar,wppgy,0,,0.0,
395,0,bar,mco,0,,0.0,
396,0,bar,wina,0,,0.0,
397,0,bar,fleu,0,,0.0,
398,0,bar,hifs,0,,0.0,
399,0,stz-b,ceo,0,,0.0,
400,0,stz-b,wppgy,0,,0.0,
401,0,stz-b,mco,0,,0.0,
402,0,stz-b,wina,0,,0.0,
403,0,stz-b,fleu,0,,0.0,
404,0,stz-b,hifs,0,,0.0,
405,0,ceo,wppgy,0,,0.0,
406,0,ceo,mco,0,,0.0,
407,0,ceo,wina,0,,0.0,
408,0,ceo,fleu,0,,0.0,
409,0,ceo,hifs,0,,0.0,
410,0,wppgy,mco,0,,0.0,
411,0,wppgy,wina,0,,0.0,
412,0,wppgy,fleu,0,,0.0,
413,0,wppgy,hifs,0,,0.0,
414,0,mco,wina,0,,0.0,
415,0,mco,fleu,0,,0.0,
416,0,mco,hifs,0,,0.0,
417,0,wina,fleu,0,,0.0,
418,0,wina,hifs,0,,0.0,
419,0,fleu,hifs,0,,0.0,
420,1,demg,jhmd,0,,0.0,
421,1,demg,erm,0,,0.0,
422,1,demg,vsmv,0,,0.0,
423,1,demg,jpxn,0,,0.0,
424,1,demg,psa_e,0,,0.0,
425,1,demg,rfda,0,,0.0,
426,1,demg,rndv,0,,0.0,
427,1,jhmd,erm,0,,0.0,
428,1,jhmd,vsmv,0,,0.0,
429,1,jhmd,jpxn,0,,0.0,
430,1,jhmd,psa_e,0,,0.0,
431,1,jhmd,rfda,0,,0.0,
432,1,jhmd,rndv,0,,0.0,
433,1,erm,vsmv,0,,0.0,
434,1,erm,jpxn,0,,0.0,
435,1,erm,psa_e,0,,0.0,
436,1,erm,rfda,0,,0.0,
437,1,erm,rndv,0,,0.0,
438,1,vsmv,jpxn,0,,0.0,
439,1,vsmv,psa_e,0,,0.0,
440,1,vsmv,rfda,0,,0.0,
441,1,vsmv,rndv,0,,0.0,
442,1,jpxn,psa_e,0,,0.0,
443,1,jpxn,rfda,0,,0.0,
444,1,jpxn,rndv,0,,0.0,
445,1,psa_e,rfda,0,,0.0,
446,1,psa_e,rndv,0,,0.0,
447,1,rfda,rndv,0,,0.0,
448,7,css,uba,0,,0.0,
449,7,css,ftri,0,,0.0,
450,7,css,grif,0,,0.0,
451,7,css,gsl_b,0,,0.0,
452,7,css,gzt,0,,0.0,
453,7,css,reis,0,,0.0,
454,7,css,mcbc,0,,0.0,
455,7,uba,ftri,0,,0.0,
456,7,uba,grif,0,,0.0,
457,7,uba,gsl_b,0,,0.0,
458,7,uba,gzt,0,,0.0,
459,7,uba,reis,0,,0.0,
460,7,uba,mcbc,0,,0.0,
461,7,ftri,grif,0,,0.0,
462,7,ftri,gsl_b,0,,0.0,
463,7,ftri,gzt,0,,0.0,
464,7,ftri,reis,0,,0.0,
465,7,ftri,mcbc,0,,0.0,
466,7,grif,gsl_b,0,,0.0,
467,7,grif,gzt,0,,0.0,
468,7,grif,reis,0,,0.0,
469,7,grif,mcbc,0,,0.0,
470,7,gsl_b,gzt,0,,0.0,
471,7,gsl_b,reis,0,,0.0,
472,7,gsl_b,mcbc,0,,0.0,
473,7,gzt,reis,0,,0.0,
474,7,gzt,mcbc,0,,0.0,
475,7,reis,mcbc,0,,0.0,
476,9,mft,rous,0,,0.0,
477,9,mft,bbt_e,0,,0.0,
478,9,mft,pei_c,0,,0.0,
479,9,mft,ontl,0,,0.0,
480,9,mft,mtgep,0,,0.0,
481,9,mft,jhmh,0,,0.0,
482,9,mft,mlvf,0,,0.0,
483,9,rous,bbt_e,0,,0.0,
484,9,rous,pei_c,0,,0.0,
485,9,rous,ontl,0,,0.0,
486,9,rous,mtgep,0,,0.0,
487,9,rous,jhmh,0,,0.0,
488,9,rous,mlvf,0,,0.0,
489,9,bbt_e,pei_c,0,,0.0,
490,9,bbt_e,ontl,0,,0.0,
491,9,bbt_e,mtgep,0,,0.0,
492,9,bbt_e,jhmh,0,,0.0,
493,9,bbt_e,mlvf,0,,0.0,
494,9,pei_c,ontl,0,,0.0,
495,9,pei_c,mtgep,0,,0.0,
496,9,pei_c,jhmh,0,,0.0,
497,9,pei_c,mlvf,0,,0.0,
498,9,ontl,mtgep,0,,0.0,
499,9,ontl,jhmh,0,,0.0,
500,9,ontl,mlvf,0,,0.0,
501,9,mtgep,jhmh,0,,0.0,
502,9,mtgep,mlvf,0,,0.0,
503,9,jhmh,mlvf,0,,0.0,
504,10,sep,kweb,0,,0.0,
505,10,sep,coup,0,,0.0,
506,10,sep,chfc,0,,0.0,
507,10,sep,jw-a,0,,0.0,
508,10,sep,pnm,0,,0.0,
509,10,sep,csod,0,,0.0,
510,10,sep,snhy,0,,0.0,
511,10,kweb,coup,0,,0.0,
512,10,kweb,chfc,0,,0.0,
513,10,kweb,jw-a,0,,0.0,
514,10,kweb,pnm,0,,0.0,
515,10,kweb,csod,0,,0.0,
516,10,kweb,snhy,0,,0.0,
517,10,coup,chfc,0,,0.0,
518,10,coup,jw-a,0,,0.0,
519,10,coup,pnm,0,,0.0,
520,10,coup,csod,0,,0.0,
521,10,coup,snhy,0,,0.0,
522,10,chfc,jw-a,0,,0.0,
523,10,chfc,pnm,0,,0.0,
524,10,chfc,csod,0,,0.0,
525,10,chfc,snhy,0,,0.0,
526,10,jw-a,pnm,0,,0.0,
527,10,jw-a,csod,0,,0.0,
528,10,jw-a,snhy,0,,0.0,
529,10,pnm,csod,0,,0.0,
530,10,pnm,snhy,0,,0.0,
531,10,csod,snhy,0,,0.0,
532,11,usou,sgms,0,,0.0,
533,11,usou,oilu,0,,0.0,
534,11,usou,ric,0,,0.0,
535,11,usou,xent,0,,0.0,
536,11,usou,sage,0,,0.0,
537,11,usou,ccrc,0,,0.0,
538,11,usou,myok,0,,0.0,
539,11,sgms,oilu,0,,0.0,
540,11,sgms,ric,0,,0.0,
541,11,sgms,xent,0,,0.0,
542,11,sgms,sage,0,,0.0,
543,11,sgms,ccrc,0,,0.0,
544,11,sgms,myok,0,,0.0,
545,11,oilu,ric,0,,0.0,
546,11,oilu,xent,0,,0.0,
547,11,oilu,sage,0,,0.0,
548,11,oilu,ccrc,0,,0.0,
549,11,oilu,myok,0,,0.0,
550,11,ric,xent,0,,0.0,
551,11,ric,sage,0,,0.0,
552,11,ric,ccrc,0,,0.0,
553,11,ric,myok,0,,0.0,
554,11,xent,sage,0,,0.0,
555,11,xent,ccrc,0,,0.0,
556,11,xent,myok,0,,0.0,
557,11,sage,ccrc,0,,0.0,
558,11,sage,myok,0,,0.0,
559,11,ccrc,myok,0,,0.0,
560,14,srra,tsri,0,,0.0,
561,14,srra,este,0,,0.0,
562,14,srra,nna,0,,0.0,
563,14,srra,psdv,0,,0.0,
564,14,srra,stdy,0,,0.0,
565,14,srra,tues,0,,0.0,
566,14,srra,ondk,0,,0.0,
567,14,tsri,este,0,,0.0,
568,14,tsri,nna,0,,0.0,
569,14,tsri,psdv,0,,0.0,
570,14,tsri,stdy,0,,0.0,
571,14,tsri,tues,0,,0.0,
572,14,tsri,ondk,0,,0.0,
573,14,este,nna,0,,0.0,
574,14,este,psdv,0,,0.0,
575,14,este,stdy,0,,0.0,
576,14,este,tues,0,,0.0,
577,14,este,ondk,0,,0.0,
578,14,nna,psdv,0,,0.0,
579,14,nna,stdy,0,,0.0,
580,14,nna,tues,0,,0.0,
581,14,nna,ondk,0,,0.0,
582,14,psdv,stdy,0,,0.0,
583,14,psdv,tues,0,,0.0,
584,14,psdv,ondk,0,,0.0,
585,14,stdy,tues,0,,0.0,
586,14,stdy,ondk,0,,0.0,
587,14,tues,ondk,0,,0.0,
588,15,smtx,cea,0,,0.0,
589,15,smtx,hdng,0,,0.0,
590,15,smtx,star,0,,0.0,
591,15,smtx,ufab,0,,0.0,
592,15,smtx,cem,0,,0.0,
593,15,smtx,cpsi,0,,0.0,
594,15,smtx,tgp,0,,0.0,
595,15,cea,hdng,0,,0.0,
596,15,cea,star,0,,0.0,
597,15,cea,ufab,0,,0.0,
598,15,cea,cem,0,,0.0,
599,15,cea,cpsi,0,,0.0,
600,15,cea,tgp,0,,0.0,
601,15,hdng,star,0,,0.0,
602,15,hdng,ufab,0,,0.0,
603,15,hdng,cem,0,,0.0,
604,15,hdng,cpsi,0,,0.0,
605,15,hdng,tgp,0,,0.0,
606,15,star,ufab,0,,0.0,
607,15,star,cem,0,,0.0,
608,15,star,cpsi,0,,0.0,
609,15,star,tgp,0,,0.0,
610,15,ufab,cem,0,,0.0,
611,15,ufab,cpsi,0,,0.0,
612,15,ufab,tgp,0,,0.0,
613,15,cem,cpsi,0,,0.0,
614,15,cem,tgp,0,,0.0,
615,15,cpsi,tgp,0,,0.0,
616,19,reml,nrcia,0,,0.0,
617,19,reml,qadb,0,,0.0,
618,19,reml,hska,0,,0.0,
619,19,reml,chubk,0,,0.0,
620,19,reml,ayx,0,,0.0,
621,19,reml,tpor,0,,0.0,
622,19,reml,apts,0,,0.0,
623,19,nrcia,qadb,0,,0.0,
624,19,nrcia,hska,0,,0.0,
625,19,nrcia,chubk,0,,0.0,
626,19,nrcia,ayx,0,,0.0,
627,19,nrcia,tpor,0,,0.0,
628,19,nrcia,apts,0,,0.0,
629,19,qadb,hska,0,,0.0,
630,19,qadb,chubk,0,,0.0,
631,19,qadb,ayx,0,,0.0,
632,19,qadb,tpor,0,,0.0,
633,19,qadb,apts,0,,0.0,
634,19,hska,chubk,0,,0.0,
635,19,hska,ayx,0,,0.0,
636,19,hska,tpor,0,,0.0,
637,19,hska,apts,0,,0.0,
638,19,chubk,ayx,0,,0.0,
639,19,chubk,tpor,0,,0.0,
640,19,chubk,apts,0,,0.0,
641,19,ayx,tpor,0,,0.0,
642,19,ayx,apts,0,,0.0,
643,19,tpor,apts,0,,0.0,
644,23,tco,gfncp,0,,0.7955,
645,23,tco,cbs-a,0,,0.8962,
646,23,tco,dd_a,0,,0.812,
647,23,tco,tmusp,0,,0.8029,
648,23,tco,abmd,0,,0.7023,
649,23,tco,nee_q,0,,0.8612,
650,23,tco,var,0,,0.7863,
651,23,gfncp,cbs-a,0,,1.0758,
652,23,gfncp,dd_a,0,,0.9748,
653,23,gfncp,tmusp,0,,0.9639,
654,23,gfncp,abmd,0,,0.8431,
655,23,gfncp,nee_q,0,,1.0339,
656,23,gfncp,var,0,,0.9439,
657,23,cbs-a,dd_a,0,,0.8536,
658,23,cbs-a,tmusp,0,,0.844,
659,23,cbs-a,abmd,0,,0.7383,
660,23,cbs-a,nee_q,0,,0.9053,
661,23,cbs-a,var,0,,0.8266,
662,23,dd_a,tmusp,0,,0.9423,
663,23,dd_a,abmd,0,,0.8242,
664,23,dd_a,nee_q,0,,1.0107,
665,23,dd_a,var,0,,0.9228,
666,23,tmusp,abmd,0,,0.8345,
667,23,tmusp,nee_q,0,,1.0234,
668,23,tmusp,var,0,,0.9343,
669,23,abmd,nee_q,0,,1.1837,
670,23,abmd,var,0,,1.0807,
671,23,nee_q,var,0,,0.8644,
672,25,mitt_a,gcv_b,0,,0.0,
673,25,mitt_a,gs_i,0,,0.0,
674,25,mitt_a,tpgh-u,0,,0.0,
675,25,mitt_a,pre_f,0,,0.0,
676,25,mitt_a,ras_c,0,,0.0,
677,25,mitt_a,bofil,0,,0.0,
678,25,mitt_a,all_a,0,,0.0,
679,25,gcv_b,gs_i,0,,0.0,
680,25,gcv_b,tpgh-u,0,,0.0,
681,25,gcv_b,pre_f,0,,0.0,
682,25,gcv_b,ras_c,0,,0.0,
683,25,gcv_b,bofil,0,,0.0,
684,25,gcv_b,all_a,0,,0.0,
685,25,gs_i,tpgh-u,0,,0.0,
686,25,gs_i,pre_f,0,,0.0,
687,25,gs_i,ras_c,0,,0.0,
688,25,gs_i,bofil,0,,0.0,
689,25,gs_i,all_a,0,,0.0,
690,25,tpgh-u,pre_f,0,,0.0,
691,25,tpgh-u,ras_c,0,,0.0,
692,25,tpgh-u,bofil,0,,0.0,
693,25,tpgh-u,all_a,0,,0.0,
694,25,pre_f,ras_c,0,,0.0,
695,25,pre_f,bofil,0,,0.0,
696,25,pre_f,all_a,0,,0.0,
697,25,ras_c,bofil,0,,0.0,
698,25,ras_c,all_a,0,,0.0,
699,25,bofil,all_a,0,,0.0,
700,27,eacqu,fteo,0,,0.0,
701,27,eacqu,bcacr,0,,0.0,
702,27,eacqu,lcahw,0,,0.0,
703,27,eacqu,iht,0,,0.0,
704,27,eacqu,cats,0,,0.0,
705,27,eacqu,seneb,0,,0.0,
706,27,eacqu,dglt,0,,0.0,
707,27,fteo,bcacr,0,,0.0,
708,27,fteo,lcahw,0,,0.0,
709,27,fteo,iht,0,,0.0,
710,27,fteo,cats,0,,0.0,
711,27,fteo,seneb,0,,0.0,
712,27,fteo,dglt,0,,0.0,
713,27,bcacr,lcahw,0,,0.0,
714,27,bcacr,iht,0,,0.0,
715,27,bcacr,cats,0,,0.0,
716,27,bcacr,seneb,0,,0.0,
717,27,bcacr,dglt,0,,0.0,
718,27,lcahw,iht,0,,0.0,
719,27,lcahw,cats,0,,0.0,
720,27,lcahw,seneb,0,,0.0,
721,27,lcahw,dglt,0,,0.0,
722,27,iht,cats,0,,0.0,
723,27,iht,seneb,0,,0.0,
724,27,iht,dglt,0,,0.0,
725,27,cats,seneb,0,,0.0,
726,27,cats,dglt,0,,0.0,
727,27,seneb,dglt,0,,0.0,
